key,predict,label
10001,0.983242,1.0
10002,0.345545,0.0
10003,0.342546,1.0
10005,0.348456,1.0
10006,0.346547,1.0
10007,0.456778,0.0
10008,0.676787,1.0
10009,0.983465,1.0
10010,0.465476,0.0
10011,0.023345,0.0
10012,0.310002,0.0
10013,0.234546,0.0